Title,Media URL,Pinterest board,Thumbnail,Description,Link,Publish date,Keywords
Best Cordless Tool Gifts Under $50 (2026),https://toolboxtop10.com/pins/gifts-50-wireless.png,Tool Gift Ideas (Holiday 2026),,"Cordless Tool gift ideas under $50, picked by score from real Amazon reviews — for dads, husbands, DIYers and new homeowners. Cordless Impact Wrenches: KIMO 3603; Cordless Impact Drivers: AVID POWER Impact Kit; Cordless Drills: AVID POWER ACD305; Cordless Random Orbital Sanders: AVID POWER 20V ROS. Ready to use out of the box.",https://toolboxtop10.com/tool-gifts-under-50.html,2026-09-28T14:00:00,"tool gifts under $50, gifts for dad, gifts for him, diy gift ideas, christmas gifts for men, cordless tool gifts"
Best Corded Tool Gifts Under $50 (2026),https://toolboxtop10.com/pins/gifts-50-wired.png,Tool Gift Ideas (Holiday 2026),,"Corded Tool gift ideas under $50, picked by score from real Amazon reviews — for dads, husbands, DIYers and new homeowners. Corded Heat Guns: SEEKONE SDL-2816; Corded Jigsaws: SKIL JS314901; Corded Random Orbital Sanders: SKIL SR211601; Corded Drills: BLACK+DECKER DR260C; Corded Angle Grinders: AVID POWER AG589. Ready to use out of the box.",https://toolboxtop10.com/tool-gifts-under-50.html,2026-09-28T16:00:00,"tool gifts under $50, gifts for dad, gifts for him, diy gift ideas, christmas gifts for men, corded tool gifts"
Best Hand Tool Gifts Under $50 (2026),https://toolboxtop10.com/pins/gifts-50-hand.png,Tool Gift Ideas (Holiday 2026),,"Hand Tool gift ideas under $50, picked by score from real Amazon reviews — for dads, husbands, DIYers and new homeowners. Adjustable (Crescent) Wrenches: Amazon Basics 4-Piece; Allen Key (Hex Key) Sets: Amazon Basics 26-Piece Ball-End; Claw Hammers: Spec Ops SPEC-M22CF; Pliers Sets: WORKPRO 7-Piece (Blue); Needle-Nose Pliers: IRWIN 2078216. Ready to use out of the box.",https://toolboxtop10.com/tool-gifts-under-50.html,2026-09-28T18:00:00,"tool gifts under $50, gifts for dad, gifts for him, diy gift ideas, christmas gifts for men, hand tool gifts"
Best Tool Storage Gifts Under $50 (2026),https://toolboxtop10.com/pins/gifts-50-storage.png,Tool Gift Ideas (Holiday 2026),,"Tool Storage gift ideas under $50, picked by score from real Amazon reviews — for dads, husbands, DIYers and new homeowners. Portable Tool Boxes: DEWALT DWST17806; Tool Bags: DEWALT DGL573. Ready to use out of the box.",https://toolboxtop10.com/tool-gifts-under-50.html,2026-09-28T20:00:00,"tool gifts under $50, gifts for dad, gifts for him, diy gift ideas, christmas gifts for men, tool storage gifts"
Best Cordless Tool Gifts $50–$100 (2026),https://toolboxtop10.com/pins/gifts-100-wireless.png,Tool Gift Ideas (Holiday 2026),,"Cordless Tool gift ideas $50–$100, picked by score from real Amazon reviews — for dads, husbands, DIYers and new homeowners. Cordless Oscillating Tools: DEWALT DCS356 Kit; Cordless Impact Wrenches: Protmex JKO-09; Cordless Reciprocating Saws: BLACK+DECKER BDCR20C; Cordless Jigsaws: BLACK+DECKER BDCJS20C; Cordless Impact Drivers: CRAFTSMAN CMCF800C1. Ready to use out of the box.",https://toolboxtop10.com/tool-gifts-under-100.html,2026-09-28T22:00:00,"tool gifts $50–$100, gifts for dad, gifts for him, diy gift ideas, christmas gifts for men, cordless tool gifts"
Best Corded Tool Gifts $50–$100 (2026),https://toolboxtop10.com/pins/gifts-100-wired.png,Tool Gift Ideas (Holiday 2026),,"Corded Tool gift ideas $50–$100, picked by score from real Amazon reviews — for dads, husbands, DIYers and new homeowners. Corded Random Orbital Sanders: Bosch ROS20VSC; Corded Circular Saws: SKIL 5280-01; Corded Heat Guns: Wagner FURNO 500 (503063); Corded Oscillating Tools: AVID POWER 3.5A; Corded Rotary Hammers: Dong Cheng DZC03-28. Ready to use out of the box.",https://toolboxtop10.com/tool-gifts-under-100.html,2026-09-29T14:00:00,"tool gifts $50–$100, gifts for dad, gifts for him, diy gift ideas, christmas gifts for men, corded tool gifts"
Best Hand Tool Gifts $50–$100 (2026),https://toolboxtop10.com/pins/gifts-100-hand.png,Tool Gift Ideas (Holiday 2026),,"Hand Tool gift ideas $50–$100, picked by score from real Amazon reviews — for dads, husbands, DIYers and new homeowners. Socket Sets: Amazon Basics AMZ1703; Pliers Sets: IRWIN 2078707. Ready to use out of the box.",https://toolboxtop10.com/tool-gifts-under-100.html,2026-09-29T16:00:00,"tool gifts $50–$100, gifts for dad, gifts for him, diy gift ideas, christmas gifts for men, hand tool gifts"
Best Tool Storage Gifts $50–$100 (2026),https://toolboxtop10.com/pins/gifts-100-storage.png,Tool Gift Ideas (Holiday 2026),,"Tool Storage gift ideas $50–$100, picked by score from real Amazon reviews — for dads, husbands, DIYers and new homeowners. Tool Bags: Klein Tools 55421BP-14; Portable Tool Boxes: DEWALT DWST08165. Ready to use out of the box.",https://toolboxtop10.com/tool-gifts-under-100.html,2026-09-29T18:00:00,"tool gifts $50–$100, gifts for dad, gifts for him, diy gift ideas, christmas gifts for men, tool storage gifts"
Black Friday 2026 Tool Deals: Price Cheat Sheet,https://toolboxtop10.com/pins/black-friday-cheat-sheet.png,Tool Gift Ideas (Holiday 2026),,"Is that Black Friday tool deal real? Our top-ranked cordless drills, impact drivers, saws, sanders and more with the regular price we recorded — beat it or skip it. Black Friday is Nov 27, 2026; Cyber Monday is Nov 30.",https://toolboxtop10.com/black-friday-tool-deals.html,2026-09-29T20:00:00,"black friday tool deals, black friday 2026, cyber monday tool deals, power tool deals, gifts for dad"
The Best Cordless Jigsaws (2026): Top 3 Ranked From Real Reviews,https://toolboxtop10.com/pins/top3-cordless-jigsaws.png,Best Cordless Power Tools,,"Which cordless jigsaws are actually worth buying? We scored 10 on star rating, number of reviews and the features that matter. Best Overall: DEWALT DCS334B. Best Budget: BLACK+DECKER BDCJS20C. See the full top 10, specs, pros and cons — plus the one to avoid.",https://toolboxtop10.com/cordless-jigsaws.html,2026-09-29T22:00:00,"best cordless jigsaws, cordless jigsaws 2026, cordless jigsaws review, cordless jigsaws for beginners, diy tools, tool reviews"
Cordless Jigsaws to Avoid: Don't Buy the bellaDimora For Makita 18V,https://toolboxtop10.com/pins/avoid-cordless-jigsaws.png,Best Cordless Power Tools,,"Before you buy cordless jigsaws on Amazon, skip this one: the Jig Saw Compatible with 18V Battery, Cordless JigSaw with Built-in LED Light, 45 Deg Bevel, 3 Orbital Settings (No Battery). The lowest-rated jigsaw that turned up in this search, and the numbers back it up — 3.6 stars against 4.6+ for every kit ranked above. Skip it for the SEESII kit, which costs about the same once you account for the battery this one doesn't include. What to buy instead: the DEWALT DCS334B, our Best Overall. See…",https://toolboxtop10.com/cordless-jigsaws.html#avoid,2026-09-30T14:00:00,"cordless jigsaws to avoid, best cordless jigsaws, tools to avoid, amazon tool buying guide, diy tools"
The Best Cordless Drills (2026): Top 3 Ranked From Real Reviews,https://toolboxtop10.com/pins/top3-cordless-drills.png,Best Cordless Power Tools,,"Which cordless drills are actually worth buying? We scored 10 on star rating, number of reviews and the features that matter. Best Overall: DEWALT DCD771C2. Best Budget: AVID POWER ACD305. See the full top 10, specs, pros and cons — plus the one to avoid.",https://toolboxtop10.com/cordless-drills.html,2026-09-30T16:00:00,"best cordless drills, cordless drills 2026, cordless drills review, cordless drills for beginners, diy tools, tool reviews"
Cordless Drills to Avoid: Don't Buy the JH Steady 21V Kit,https://toolboxtop10.com/pins/avoid-cordless-drills.png,Best Cordless Power Tools,,"Before you buy cordless drills on Amazon, skip this one: the JH Steady 21V Cordless Drill Driver Kit. The lowest-ranked drill we found — and the listing itself is the reason. Skip it. What to buy instead: the DEWALT DCD771C2, our Best Overall. See all 10 ranked from real reviews.",https://toolboxtop10.com/cordless-drills.html#avoid,2026-09-30T18:00:00,"cordless drills to avoid, best cordless drills, tools to avoid, amazon tool buying guide, diy tools"
The Best Cordless Impact Drivers (2026): Top 3 Ranked From Real Reviews,https://toolboxtop10.com/pins/top3-cordless-impact-drivers.png,Best Cordless Power Tools,,"Which cordless impact drivers are actually worth buying? We scored 10 on star rating, number of reviews and the features that matter. Best Overall: DEWALT DCF787D1. Best Budget: AVID POWER Impact Kit. See the full top 10, specs, pros and cons — plus the one to avoid.",https://toolboxtop10.com/cordless-impact-drivers.html,2026-09-30T20:00:00,"best cordless impact drivers, cordless impact drivers 2026, cordless impact drivers review, cordless impact drivers for beginners, diy tools, tool reviews"
Cordless Impact Drivers to Avoid: Don't Buy the GEVEELIFE 450N,https://toolboxtop10.com/pins/avoid-cordless-impact-drivers.png,Best Cordless Power Tools,,"Before you buy cordless impact drivers on Amazon, skip this one: the GEVEELIFE 450 N·m 1/2"" Impact Wrench. This isn't an impact driver at all — it's a 1/2-inch impact wrench for lug nuts and bolts, with ""impact driver"" jammed into the title to catch your search. Wrong tool for driving screws. What to buy instead: the DEWALT DCF787D1, our Best Overall. See all 10 ranked from real reviews.",https://toolboxtop10.com/cordless-impact-drivers.html#avoid,2026-09-30T22:00:00,"cordless impact drivers to avoid, best cordless impact drivers, tools to avoid, amazon tool buying guide, diy tools"
The Best Cordless Circular Saws (2026): Top 3 Ranked From Real Reviews,https://toolboxtop10.com/pins/top3-cordless-circular-saws.png,Best Cordless Power Tools,,"Which cordless circular saws are actually worth buying? We scored 10 on star rating, number of reviews and the features that matter. Best Overall: DEWALT DCS391B. Best Budget: RYOBI P505. See the full top 10, specs, pros and cons — plus the one to avoid.",https://toolboxtop10.com/cordless-circular-saws.html,2026-10-01T14:00:00,"best cordless circular saws, cordless circular saws 2026, cordless circular saws review, cordless circular saws for beginners, diy tools, tool reviews"
"Cordless Circular Saws to Avoid: Don't Buy the Bigheimer 4"" 2-in-1",https://toolboxtop10.com/pins/avoid-cordless-circular-saws.png,Best Cordless Power Tools,,"Before you buy cordless circular saws on Amazon, skip this one: the Bigheimer 4"" ""Mini Circular Saw"" / Cut-Off Tool. This isn't a circular saw — it's a 4-inch angle grinder with a saw guard bolted on. It cuts 5/8 of an inch deep and spins at grinder speed. Wrong, and genuinely unsafe, for the work a circular saw does. What to buy instead: the DEWALT DCS391B, our Best Overall. See all 10 ranked from real reviews.",https://toolboxtop10.com/cordless-circular-saws.html#avoid,2026-10-01T16:00:00,"cordless circular saws to avoid, best cordless circular saws, tools to avoid, amazon tool buying guide, diy tools"
The Best Corded Drills (2026): Top 3 Ranked From Real Reviews,https://toolboxtop10.com/pins/top3-corded-drills.png,Best Corded Power Tools,,"Which corded drills are actually worth buying? We scored 10 on star rating, number of reviews and the features that matter. Best Overall: DEWALT DWD210G. Best Budget: BLACK+DECKER DR260C. See the full top 10, specs, pros and cons — plus the one to avoid.",https://toolboxtop10.com/corded-drills.html,2026-10-01T18:00:00,"best corded drills, corded drills 2026, corded drills review, corded drills for beginners, diy tools, tool reviews"
Corded Drills to Avoid: Don't Buy the Generic 9A 1050W,https://toolboxtop10.com/pins/avoid-corded-drills.png,Best Corded Power Tools,,"Before you buy corded drills on Amazon, skip this one: the No-name 9-Amp 1050W 1/2"" Corded Impact Hammer Drill. The lowest-rated corded drill here at 3.3 stars, from a no-name seller, with a '9 AMP / 1050W' spec that outruns DEWALT's flagship on paper — but not in the reviews, where buyers report weak, rough performance. What to buy instead: the DEWALT DWD210G, our Best Overall. See all 10 ranked from real reviews.",https://toolboxtop10.com/corded-drills.html#avoid,2026-10-01T20:00:00,"corded drills to avoid, best corded drills, tools to avoid, amazon tool buying guide, diy tools"
The Best Corded Impact Wrenches (2026): Top 3 Ranked From Real Reviews,https://toolboxtop10.com/pins/top3-corded-impact-wrenches.png,Best Corded Power Tools,,"Which corded impact wrenches are actually worth buying? We scored 10 on star rating, number of reviews and the features that matter. Best Overall: CRAFTSMAN CMEF901. Best Budget: Eastvolt 800W. See the full top 10, specs, pros and cons — plus the one to avoid.",https://toolboxtop10.com/corded-impact-wrenches.html,2026-10-01T22:00:00,"best corded impact wrenches, corded impact wrenches 2026, corded impact wrenches review, corded impact wrenches for beginners, diy tools, tool reviews"
Corded Impact Wrenches to Avoid: Don't Buy the Ingersoll Rand 231C,https://toolboxtop10.com/pins/avoid-corded-impact-wrenches.png,Best Corded Power Tools,,"Before you buy corded impact wrenches on Amazon, skip this one: the Ingersoll Rand 231C 1/2"" Air Impact Wrench. To be clear, this is a superb impact wrench and a shop standard. The catch: it's pneumatic. It doesn't plug into a wall outlet; it needs a good-sized air compressor to run. Buy it only if you already have one. What to buy instead: the CRAFTSMAN CMEF901, our Best Overall. See all 10 ranked from real reviews.",https://toolboxtop10.com/corded-impact-wrenches.html#avoid,2026-10-02T14:00:00,"corded impact wrenches to avoid, best corded impact wrenches, tools to avoid, amazon tool buying guide, diy tools"
The Best Corded Circular Saws (2026): Top 3 Ranked From Real Reviews,https://toolboxtop10.com/pins/top3-corded-circular-saws.png,Best Corded Power Tools,,"Which corded circular saws are actually worth buying? We scored 10 on star rating, number of reviews and the features that matter. Best Overall: DEWALT DWE575SB. Best Budget: SKIL 5080-01. See the full top 10, specs, pros and cons — plus the one to avoid.",https://toolboxtop10.com/corded-circular-saws.html,2026-10-02T16:00:00,"best corded circular saws, corded circular saws 2026, corded circular saws review, corded circular saws for beginners, diy tools, tool reviews"
"Corded Circular Saws to Avoid: Don't Buy the Bigheimer 4"" 2-in-1",https://toolboxtop10.com/pins/avoid-corded-circular-saws.png,Best Corded Power Tools,,"Before you buy corded circular saws on Amazon, skip this one: the Bigheimer 4"" ""Mini Circular Saw"" / Cut-Off Tool. This isn't a circular saw — it's a 4-inch angle grinder with a saw guard bolted on. It cuts 5/8 of an inch deep and spins at grinder speed. Wrong, and genuinely unsafe, for the work a circular saw does. What to buy instead: the DEWALT DWE575SB, our Best Overall. See all 10 ranked from real reviews.",https://toolboxtop10.com/corded-circular-saws.html#avoid,2026-10-02T18:00:00,"corded circular saws to avoid, best corded circular saws, tools to avoid, amazon tool buying guide, diy tools"
The Best Cordless Oscillating Tools (2026): Top 3 Ranked From Real Reviews,https://toolboxtop10.com/pins/top3-cordless-oscillating-tools.png,Best Cordless Power Tools,,"Which cordless oscillating tools are actually worth buying? We scored 10 on star rating, number of reviews and the features that matter. Best Overall: DEWALT DCS356B. Best Budget: AVID POWER 20V Kit. See the full top 10, specs, pros and cons — plus the one to avoid.",https://toolboxtop10.com/cordless-oscillating-tools.html,2026-10-02T20:00:00,"best cordless oscillating tools, cordless oscillating tools 2026, cordless oscillating tools review, cordless oscillating tools for beginners, diy tools, tool reviews"
Cordless Oscillating Tools to Avoid: Don't Buy the GALAX PRO 98602-2,https://toolboxtop10.com/pins/avoid-cordless-oscillating-tools.png,Best Cordless Power Tools,,"Before you buy cordless oscillating tools on Amazon, skip this one: the GALAX PRO 20V Cordless Oscillating Multi Tool Kit (15 accessories). A cheap kit whose own listing can't agree on its battery voltage, and it carries the lowest star rating among the current top-40 cordless multi-tools. The AVID kit costs about $23 more and has close to 4,000 reviews at 4.5 stars. What to buy instead: the DEWALT DCS356B, our Best Overall. See all 10 ranked from real reviews.",https://toolboxtop10.com/cordless-oscillating-tools.html#avoid,2026-10-02T22:00:00,"cordless oscillating tools to avoid, best cordless oscillating tools, tools to avoid, amazon tool buying guide, diy tools"
The Best Corded Oscillating Tools (2026): Top 3 Ranked From Real Reviews,https://toolboxtop10.com/pins/top3-corded-oscillating-tools.png,Best Corded Power Tools,,"Which corded oscillating tools are actually worth buying? We scored 10 on star rating, number of reviews and the features that matter. Best Overall: AVID POWER 3.5A. Best Budget: WEN 3.5A. See the full top 10, specs, pros and cons — plus the one to avoid.",https://toolboxtop10.com/corded-oscillating-tools.html,2026-10-03T14:00:00,"best corded oscillating tools, corded oscillating tools 2026, corded oscillating tools review, corded oscillating tools for beginners, diy tools, tool reviews"
Corded Oscillating Tools to Avoid: Don't Buy the NEWONE 1.8A,https://toolboxtop10.com/pins/avoid-corded-oscillating-tools.png,Best Corded Power Tools,,"Before you buy corded oscillating tools on Amazon, skip this one: the NEWONE 1.8-Amp Oscillating Tool. At 1.8 amps this has roughly half the motor of a proper oscillating tool. It'll trim drywall and plastic, but it bogs down and overheats on the hardwood, nails, and grout you actually buy an oscillating tool to cut. What to buy instead: the AVID POWER 3.5A, our Best Overall. See all 10 ranked from real reviews.",https://toolboxtop10.com/corded-oscillating-tools.html#avoid,2026-10-03T16:00:00,"corded oscillating tools to avoid, best corded oscillating tools, tools to avoid, amazon tool buying guide, diy tools"
The Best Cordless Reciprocating Saws (2026): Top 3 Ranked From Real Reviews,https://toolboxtop10.com/pins/top3-cordless-reciprocating-saws.png,Best Cordless Power Tools,,"Which cordless reciprocating saws are actually worth buying? We scored 10 on star rating, number of reviews and the features that matter. Best Overall: BLACK+DECKER BDCR20C. Best Budget: RYOBI PBLRS01B. See the full top 10, specs, pros and cons — plus the one to avoid.",https://toolboxtop10.com/cordless-reciprocating-saws.html,2026-10-03T18:00:00,"best cordless reciprocating saws, cordless reciprocating saws 2026, cordless reciprocating saws review, cordless reciprocating saws for beginners, diy tools, tool reviews"
Cordless Reciprocating Saws to Avoid: Don't Buy the Generic For DEWALT 20V,https://toolboxtop10.com/pins/avoid-cordless-reciprocating-saws.png,Best Cordless Power Tools,,"Before you buy cordless reciprocating saws on Amazon, skip this one: the No-name Reciprocating Saw for DEWALT 20V Battery. A no-name saw that clamps onto DEWALT batteries to look the part, priced like a real one, and carrying the lowest rating in the category at 3.7 stars. Skip it for a named brand. What to buy instead: the BLACK+DECKER BDCR20C, our Best Overall. See all 10 ranked from real reviews.",https://toolboxtop10.com/cordless-reciprocating-saws.html#avoid,2026-10-03T20:00:00,"cordless reciprocating saws to avoid, best cordless reciprocating saws, tools to avoid, amazon tool buying guide, diy tools"
The Best Corded Reciprocating Saws (2026): Top 3 Ranked From Real Reviews,https://toolboxtop10.com/pins/top3-corded-reciprocating-saws.png,Best Corded Power Tools,,"Which corded reciprocating saws are actually worth buying? We scored 10 on star rating, number of reviews and the features that matter. Best Overall: CRAFTSMAN CMES300. Best Budget: SKIL 9206-02. See the full top 10, specs, pros and cons — plus the one to avoid.",https://toolboxtop10.com/corded-reciprocating-saws.html,2026-10-03T22:00:00,"best corded reciprocating saws, corded reciprocating saws 2026, corded reciprocating saws review, corded reciprocating saws for beginners, diy tools, tool reviews"
Corded Reciprocating Saws to Avoid: Don't Buy the Ingersoll Rand 529,https://toolboxtop10.com/pins/avoid-corded-reciprocating-saws.png,Best Corded Power Tools,,"Before you buy corded reciprocating saws on Amazon, skip this one: the Ingersoll Rand 529 3/8"" Reciprocating Air Saw. A quality pro saw — but it's pneumatic. It doesn't plug into a wall outlet; it runs on compressed air and needs a good-sized shop compressor. Buy it only if you already have one. What to buy instead: the CRAFTSMAN CMES300, our Best Overall. See all 10 ranked from real reviews.",https://toolboxtop10.com/corded-reciprocating-saws.html#avoid,2026-10-04T14:00:00,"corded reciprocating saws to avoid, best corded reciprocating saws, tools to avoid, amazon tool buying guide, diy tools"
The Best Rolling Tool Chests & Cabinets (2026): Top 3 Ranked From Real Reviews,https://toolboxtop10.com/pins/top3-rolling-tool-chests.png,Tool Storage & Organization,,"Which rolling tool chests & cabinets are actually worth buying? We scored 10 on star rating, number of reviews and the features that matter. Best Overall: Milwaukee 48-22-8426. Best Budget: DEWALT DWST20880. See the full top 10, specs, pros and cons — plus the one to avoid.",https://toolboxtop10.com/rolling-tool-chests.html,2026-10-04T16:00:00,"best rolling tool chests & cabinets, rolling tool chests & cabinets 2026, rolling tool chests & cabinets review, rolling tool chests & cabinets for beginners, diy tools, tool reviews"
Rolling Tool Chests & Cabinets to Avoid: Don't Buy the LARBANKE 5-Drawer,https://toolboxtop10.com/pins/avoid-rolling-tool-chests.png,Tool Storage & Organization,,"Before you buy rolling tool chests & cabinets on Amazon, skip this one: the LARBANKE 5-Drawer Rolling Tool Chest (Link-Buckle Set). The rolling cabinet we'd flag. At $216 it costs as much as a Husky or Craftsman, but you give up the brand, the service network, and the higher ratings. What to buy instead: the Milwaukee 48-22-8426, our Best Overall. See all 10 ranked from real reviews.",https://toolboxtop10.com/rolling-tool-chests.html#avoid,2026-10-04T18:00:00,"rolling tool chests & cabinets to avoid, best rolling tool chests & cabinets, tools to avoid, amazon tool buying guide, diy tools"
The Best Portable Tool Boxes (2026): Top 3 Ranked From Real Reviews,https://toolboxtop10.com/pins/top3-portable-tool-boxes.png,Tool Storage & Organization,,"Which portable tool boxes are actually worth buying? We scored 10 on star rating, number of reviews and the features that matter. Best Overall: DEWALT DWST17806. Best Budget: DEWALT DWST17807. See the full top 10, specs, pros and cons — plus the one to avoid.",https://toolboxtop10.com/portable-tool-boxes.html,2026-10-04T20:00:00,"best portable tool boxes, portable tool boxes 2026, portable tool boxes review, portable tool boxes for beginners, diy tools, tool reviews"
Portable Tool Boxes to Avoid: Don't Buy the BIG RED Torin Portable,https://toolboxtop10.com/pins/avoid-portable-tool-boxes.png,Tool Storage & Organization,,"Before you buy portable tool boxes on Amazon, skip this one: the BIG RED Portable Steel Tool Box. The one portable box we'd walk past. A 3.6-star average is by far the lowest here, and $180 buys a far better box from Milwaukee, DEWALT, or Craftsman. What to buy instead: the DEWALT DWST17806, our Best Overall. See all 10 ranked from real reviews.",https://toolboxtop10.com/portable-tool-boxes.html#avoid,2026-10-04T22:00:00,"portable tool boxes to avoid, best portable tool boxes, tools to avoid, amazon tool buying guide, diy tools"
The Best Tool Bags (2026): Top 3 Ranked From Real Reviews,https://toolboxtop10.com/pins/top3-tool-bags.png,Tool Storage & Organization,,"Which tool bags are actually worth buying? We scored 10 on star rating, number of reviews and the features that matter. Best Overall: Klein Tools 55421BP-14. Best Budget: WORKPRO 18 in Open Top. See the full top 10, specs, pros and cons — plus the one to avoid.",https://toolboxtop10.com/tool-bags.html,2026-10-05T14:00:00,"best tool bags, tool bags 2026, tool bags review, tool bags for beginners, diy tools, tool reviews"
Tool Bags to Avoid: Don't Buy the WELKINLAND 88-Pocket 17 in,https://toolboxtop10.com/pins/avoid-tool-bags.png,Tool Storage & Organization,,"Before you buy tool bags on Amazon, skip this one: the WELKINLAND 88-Pockets Electrician's Tool Bag, 17 in.. The bag we'd skip. Eighty-eight pockets sounds impressive, but at $80 for a no-name brand you're paying Klein or CLC money for an unproven bag. What to buy instead: the Klein Tools 55421BP-14, our Best Overall. See all 10 ranked from real reviews.",https://toolboxtop10.com/tool-bags.html#avoid,2026-10-05T16:00:00,"tool bags to avoid, best tool bags, tools to avoid, amazon tool buying guide, diy tools"
The Best Cordless Angle Grinders (2026): Top 3 Ranked From Real Reviews,https://toolboxtop10.com/pins/top3-cordless-angle-grinders.png,Best Cordless Power Tools,,"Which cordless angle grinders are actually worth buying? We scored 10 on star rating, number of reviews and the features that matter. Best Overall: DEWALT DCG413B. Best Budget: AOBEN AT-102D. See the full top 10, specs, pros and cons — plus the one to avoid.",https://toolboxtop10.com/cordless-angle-grinders.html,2026-10-05T18:00:00,"best cordless angle grinders, cordless angle grinders 2026, cordless angle grinders review, cordless angle grinders for beginners, diy tools, tool reviews"
Cordless Angle Grinders to Avoid: Don't Buy the GEARWAVE 21V Kit,https://toolboxtop10.com/pins/avoid-cordless-angle-grinders.png,Best Cordless Power Tools,,"Before you buy cordless angle grinders on Amazon, skip this one: the GEARWAVE Cordless Angle Grinder 4-1/2"" to 5"", Battery Angle Grinder, 2x 5.0Ah 21V Battery Kit. A cut-rate kit whose rating tells the real story: 3.2 stars with more than a third of buyers leaving one star. Skip it for either of the better-reviewed kits above. What to buy instead: the DEWALT DCG413B, our Best Overall. See all 10 ranked from real reviews.",https://toolboxtop10.com/cordless-angle-grinders.html#avoid,2026-10-05T20:00:00,"cordless angle grinders to avoid, best cordless angle grinders, tools to avoid, amazon tool buying guide, diy tools"
The Best Corded Angle Grinders (2026): Top 3 Ranked From Real Reviews,https://toolboxtop10.com/pins/top3-corded-angle-grinders.png,Best Corded Power Tools,,"Which corded angle grinders are actually worth buying? We scored 10 on star rating, number of reviews and the features that matter. Best Overall: DEWALT DWE4011. Best Budget: AVID POWER AG589. See the full top 10, specs, pros and cons — plus the one to avoid.",https://toolboxtop10.com/corded-angle-grinders.html,2026-10-05T22:00:00,"best corded angle grinders, corded angle grinders 2026, corded angle grinders review, corded angle grinders for beginners, diy tools, tool reviews"
Corded Angle Grinders to Avoid: Don't Buy the VEVOR M3120-120-2,https://toolboxtop10.com/pins/avoid-corded-angle-grinders.png,Best Corded Power Tools,,"Before you buy corded angle grinders on Amazon, skip this one: the VEVOR Angle Grinder, 6"" Electric Grinder, 1400W 13Amps 10000RPM. This is a 6-inch grinder mixed in with the compact 4-1/2"" tools, sold with specs that don't line up and a fixed speed that sits right at the wheel's safe limit. For the same money, any of the 4-1/2"" grinders above is the safer, better-understood buy. What to buy instead: the DEWALT DWE4011, our Best Overall. See all 10 ranked from real reviews.",https://toolboxtop10.com/corded-angle-grinders.html#avoid,2026-10-06T14:00:00,"corded angle grinders to avoid, best corded angle grinders, tools to avoid, amazon tool buying guide, diy tools"
The Best Corded Random Orbital Sanders (2026): Top 3 Ranked From Real Reviews,https://toolboxtop10.com/pins/top3-corded-random-orbital-sanders.png,Best Corded Power Tools,,"Which corded random orbital sanders are actually worth buying? We scored 10 on star rating, number of reviews and the features that matter. Best Overall: DEWALT DWE6421K. Best Budget: SKIL SR211601. See the full top 10, specs, pros and cons — plus the one to avoid.",https://toolboxtop10.com/corded-random-orbital-sanders.html,2026-10-06T16:00:00,"best corded random orbital sanders, corded random orbital sanders 2026, corded random orbital sanders review, corded random orbital sanders for beginners, diy tools, tool reviews"
Corded Random Orbital Sanders to Avoid: Don't Buy the ZFE PA0000375PLUS5,https://toolboxtop10.com/pins/avoid-corded-random-orbital-sanders.png,Best Corded Power Tools,,"Before you buy corded random orbital sanders on Amazon, skip this one: the ZFE Random Orbital Sander 5"" & 6"" Pneumatic Palm Sander. This isn't an electric sander. It's a pneumatic (air) tool that does nothing on its own — it needs an air compressor most buyers don't have, yet it sits in the results right beside plug-in sanders. If you want to plug in and sand, any of the corded tools above is the right buy. What to buy instead: the DEWALT DWE6421K, our Best Overall. See all 10 ranked from real…",https://toolboxtop10.com/corded-random-orbital-sanders.html#avoid,2026-10-06T18:00:00,"corded random orbital sanders to avoid, best corded random orbital sanders, tools to avoid, amazon tool buying guide, diy tools"
The Best Corded Jigsaws (2026): Top 3 Ranked From Real Reviews,https://toolboxtop10.com/pins/top3-corded-jigsaws.png,Best Corded Power Tools,,"Which corded jigsaws are actually worth buying? We scored 10 on star rating, number of reviews and the features that matter. Best Overall: DEWALT DW331K. Best Budget: SKIL JS314901. See the full top 10, specs, pros and cons — plus the one to avoid.",https://toolboxtop10.com/corded-jigsaws.html,2026-10-06T20:00:00,"best corded jigsaws, corded jigsaws 2026, corded jigsaws review, corded jigsaws for beginners, diy tools, tool reviews"
Corded Jigsaws to Avoid: Don't Buy the DEKOPRO DKPJGSA040C1,https://toolboxtop10.com/pins/avoid-corded-jigsaws.png,Best Corded Power Tools,,"Before you buy corded jigsaws on Amazon, skip this one: the DEKOPRO Corded Jig Saw, 6 Variable Speed, 3,000 SPM, 8 Blades. A cheap jigsaw whose real problem is under the hood: a 400-watt motor, about 3.3 amps, roughly half the power of every pick above. For the same money the WEN and HYCHIKA give you nearly twice the motor and a real brand. Skip it. What to buy instead: the DEWALT DW331K, our Best Overall. See all 10 ranked from real reviews.",https://toolboxtop10.com/corded-jigsaws.html#avoid,2026-10-06T22:00:00,"corded jigsaws to avoid, best corded jigsaws, tools to avoid, amazon tool buying guide, diy tools"
The Best Claw Hammers (2026): Top 3 Ranked From Real Reviews,https://toolboxtop10.com/pins/top3-claw-hammers.png,Hand Tool Essentials,,"Which claw hammers are actually worth buying? We scored 10 on star rating, number of reviews and the features that matter. Best Overall: ESTWING E3-16S. Best Budget: IRWIN 1954889. See the full top 10, specs, pros and cons — plus the one to avoid.",https://toolboxtop10.com/claw-hammers.html,2026-10-07T14:00:00,"best claw hammers, claw hammers 2026, claw hammers review, claw hammers for beginners, diy tools, tool reviews"
Claw Hammers to Avoid: Don't Buy the No-name 32 oz Adjustable,https://toolboxtop10.com/pins/avoid-claw-hammers.png,Hand Tool Essentials,,"Before you buy claw hammers on Amazon, skip this one: the Adjustable Claw Hammer, 32 oz, 45# Carbon Steel Forged, Magnetic. The one to skip. A 32 oz head is the wrong tool for driving nails, and the 'adjustable' rotating claw adds a moving joint to a tool that should be one solid piece. What to buy instead: the ESTWING E3-16S, our Best Overall. See all 10 ranked from real reviews.",https://toolboxtop10.com/claw-hammers.html#avoid,2026-10-07T16:00:00,"claw hammers to avoid, best claw hammers, tools to avoid, amazon tool buying guide, diy tools"
The Best Tape Measures (2026): Top 3 Ranked From Real Reviews,https://toolboxtop10.com/pins/top3-tape-measures.png,Hand Tool Essentials,,"Which tape measures are actually worth buying? We scored 10 on star rating, number of reviews and the features that matter. Best Overall: Komelon SL2825. Best Budget: Amazon Basics 16 ft. See the full top 10, specs, pros and cons — plus the one to avoid.",https://toolboxtop10.com/tape-measures.html,2026-10-07T18:00:00,"best tape measures, tape measures 2026, tape measures review, tape measures for beginners, diy tools, tool reviews"
Tape Measures to Avoid: Don't Buy the No-name 2-in-1 Laser,https://toolboxtop10.com/pins/avoid-tape-measures.png,Hand Tool Essentials,,"Before you buy tape measures on Amazon, skip this one: the 2-in-1 Digital Tape Measure with Laser, 196 ft & 16 ft Tape, USB Rechargeable. The one to skip. Bolting a cheap laser onto a short tape measure gives you a tool that does two jobs poorly — and its 3.3-star average shows buyers agree. What to buy instead: the Komelon SL2825, our Best Overall. See all 10 ranked from real reviews.",https://toolboxtop10.com/tape-measures.html#avoid,2026-10-07T20:00:00,"tape measures to avoid, best tape measures, tools to avoid, amazon tool buying guide, diy tools"
The Best Screwdriver Sets (2026): Top 3 Ranked From Real Reviews,https://toolboxtop10.com/pins/top3-screwdrivers.png,Hand Tool Essentials,,"Which screwdriver sets are actually worth buying? We scored 10 on star rating, number of reviews and the features that matter. Best Overall: Klein Tools 32500. Best Budget: Amartisan 10-Piece Magnetic. See the full top 10, specs, pros and cons — plus the one to avoid.",https://toolboxtop10.com/screwdrivers.html,2026-10-07T22:00:00,"best screwdriver sets, screwdriver sets 2026, screwdriver sets review, screwdriver sets for beginners, diy tools, tool reviews"
Screwdriver Sets to Avoid: Don't Buy the No-name 415-Piece Kit,https://toolboxtop10.com/pins/avoid-screwdrivers.png,Hand Tool Essentials,,"Before you buy screwdriver sets on Amazon, skip this one: the 415-Piece Home Tool Kit with Rolling Tool Box. The one to skip if you actually want good screwdrivers. A 415-piece 'home tool kit' isn't a screwdriver set — the headline count is padded with sockets, zip ties, and hardware, and the drivers inside are an afterthought. What to buy instead: the Klein Tools 32500, our Best Overall. See all 10 ranked from real reviews.",https://toolboxtop10.com/screwdrivers.html#avoid,2026-10-08T14:00:00,"screwdriver sets to avoid, best screwdriver sets, tools to avoid, amazon tool buying guide, diy tools"
The Best Allen Key (Hex Key) Sets (2026): Top 3 Ranked From Real Reviews,https://toolboxtop10.com/pins/top3-allen-keys.png,Hand Tool Essentials,,"Which allen key (hex key) sets are actually worth buying? We scored 10 on star rating, number of reviews and the features that matter. Best Overall: Amazon Basics 36-Piece. Best Budget: EFFICERE 30-Piece. See the full top 10, specs, pros and cons — plus the one to avoid.",https://toolboxtop10.com/allen-keys.html,2026-10-08T16:00:00,"best allen key (hex key) sets, allen key (hex key) sets 2026, allen key (hex key) sets review, allen key (hex key) sets for beginners, diy tools, tool reviews"
Allen Key (Hex Key) Sets to Avoid: Don't Buy the toolant 20-Piece Impact Bits,https://toolboxtop10.com/pins/avoid-allen-keys.png,Hand Tool Essentials,,"Before you buy allen key (hex key) sets on Amazon, skip this one: the toolant Impact Allen Wrench Drill Bit Set, 20-Piece, Metric & SAE. Not what you want if you're shopping for hand Allen keys. This is a set of 2-inch hex bits for a power drill or impact driver — well-made, but useless in your hand. What to buy instead: the Amazon Basics 36-Piece, our Best Overall. See all 10 ranked from real reviews.",https://toolboxtop10.com/allen-keys.html#avoid,2026-10-08T18:00:00,"allen key (hex key) sets to avoid, best allen key (hex key) sets, tools to avoid, amazon tool buying guide, diy tools"
The Best Pliers Sets (2026): Top 3 Ranked From Real Reviews,https://toolboxtop10.com/pins/top3-pliers.png,Hand Tool Essentials,,"Which pliers sets are actually worth buying? We scored 10 on star rating, number of reviews and the features that matter. Best Overall: WORKPRO 7-Piece (Blue). Best Budget: Amazon Basics 4-Piece. See the full top 10, specs, pros and cons — plus the one to avoid.",https://toolboxtop10.com/pliers.html,2026-10-08T20:00:00,"best pliers sets, pliers sets 2026, pliers sets review, pliers sets for beginners, diy tools, tool reviews"
Pliers Sets to Avoid: Don't Buy the DISEN 21-Piece,https://toolboxtop10.com/pins/avoid-pliers.png,Hand Tool Essentials,,"Before you buy pliers sets on Amazon, skip this one: the DISEN Pliers Set, 21 Pieces Full Assortment with EVA Tray. The one to skip. A hundred dollars for a 21-piece no-name assortment puts you in Knipex and Gearwrench territory — for pliers with no track record and the lowest rating in this comparison. What to buy instead: the WORKPRO 7-Piece (Blue), our Best Overall. See all 10 ranked from real reviews.",https://toolboxtop10.com/pliers.html#avoid,2026-10-08T22:00:00,"pliers sets to avoid, best pliers sets, tools to avoid, amazon tool buying guide, diy tools"
The Best Needle-Nose Pliers (2026): Top 3 Ranked From Real Reviews,https://toolboxtop10.com/pins/top3-needle-nose-pliers.png,Hand Tool Essentials,,"Which needle-nose pliers are actually worth buying? We scored 10 on star rating, number of reviews and the features that matter. Best Overall: IRWIN 2078216. Best Budget: Dykes 6-Inch. See the full top 10, specs, pros and cons — plus the one to avoid.",https://toolboxtop10.com/needle-nose-pliers.html,2026-10-09T14:00:00,"best needle-nose pliers, needle-nose pliers 2026, needle-nose pliers review, needle-nose pliers for beginners, diy tools, tool reviews"
Needle-Nose Pliers to Avoid: Don't Buy the SINJEUN 15-Pack,https://toolboxtop10.com/pins/avoid-needle-nose-pliers.png,Hand Tool Essentials,,"Before you buy needle-nose pliers on Amazon, skip this one: the SINJEUN 15-Pack 6 in Needle Nose Pliers with Cutter. The one to skip. Fifteen identical cheap needle-nose pliers is a bulk pack for a warehouse, not a tool for a home or shop — and at 3.9 stars, buyers say the quality isn't there anyway. What to buy instead: the IRWIN 2078216, our Best Overall. See all 10 ranked from real reviews.",https://toolboxtop10.com/needle-nose-pliers.html#avoid,2026-10-09T16:00:00,"needle-nose pliers to avoid, best needle-nose pliers, tools to avoid, amazon tool buying guide, diy tools"
The Best Adjustable (Crescent) Wrenches (2026): Top 3 Ranked From Real Reviews,https://toolboxtop10.com/pins/top3-adjustable-wrenches.png,Hand Tool Essentials,,"Which adjustable (crescent) wrenches are actually worth buying? We scored 10 on star rating, number of reviews and the features that matter. Best Overall: CRAFTSMAN CMMT12001. Best Budget: Olympia Tools 10-Inch. See the full top 10, specs, pros and cons — plus the one to avoid.",https://toolboxtop10.com/adjustable-wrenches.html,2026-10-09T18:00:00,"best adjustable (crescent) wrenches, adjustable (crescent) wrenches 2026, adjustable (crescent) wrenches review, adjustable (crescent) wrenches for beginners, diy tools, tool reviews"
Adjustable (Crescent) Wrenches to Avoid: Don't Buy the WORKPRO 9-in-1 Mini,https://toolboxtop10.com/pins/avoid-adjustable-wrenches.png,Hand Tool Essentials,,"Before you buy adjustable (crescent) wrenches on Amazon, skip this one: the WORKPRO 4-Inch Adjustable Wrench, 9-in-1 Mini Wrench Multitool. The one to skip if you want a real wrench. Cramming nine functions into a 4-inch body makes a novelty, not a tool that turns a stuck nut — and it costs more than a proper full-size wrench. What to buy instead: the CRAFTSMAN CMMT12001, our Best Overall. See all 10 ranked from real reviews.",https://toolboxtop10.com/adjustable-wrenches.html#avoid,2026-10-09T20:00:00,"adjustable (crescent) wrenches to avoid, best adjustable (crescent) wrenches, tools to avoid, amazon tool buying guide, diy tools"
The Best Cordless Random Orbital Sanders (2026): Top 3 Ranked From Real Reviews,https://toolboxtop10.com/pins/top3-cordless-random-orbital-sanders.png,Best Cordless Power Tools,,"Which cordless random orbital sanders are actually worth buying? We scored 10 on star rating, number of reviews and the features that matter. Best Overall: DEWALT DCW210P1. Best Budget: AVID POWER 20V ROS. See the full top 10, specs, pros and cons — plus the one to avoid.",https://toolboxtop10.com/cordless-random-orbital-sanders.html,2026-10-09T22:00:00,"best cordless random orbital sanders, cordless random orbital sanders 2026, cordless random orbital sanders review, cordless random orbital sanders for beginners, diy tools, tool reviews"
Cordless Random Orbital Sanders to Avoid: Don't Buy the Siloon N/A,https://toolboxtop10.com/pins/avoid-cordless-random-orbital-sanders.png,Best Cordless Power Tools,,"Before you buy cordless random orbital sanders on Amazon, skip this one: the Cordless Random Orbital Sander Compatible for Dew 20V Max, 5-Inch Brushless Orbit Sander with 19000 RPM. This listing leans on a name that's designed to be mistaken for DeWalt, and its headline spec is physically out of step with every real brand on this list. Buy a named-brand bare tool instead — CRAFTSMAN's CMCW220B is cheaper and its numbers are honest. What to buy instead: the DEWALT DCW210P1, our Best Overall…",https://toolboxtop10.com/cordless-random-orbital-sanders.html#avoid,2026-10-10T14:00:00,"cordless random orbital sanders to avoid, best cordless random orbital sanders, tools to avoid, amazon tool buying guide, diy tools"
The Best Socket Sets (2026): Top 3 Ranked From Real Reviews,https://toolboxtop10.com/pins/top3-socket-sets.png,Hand Tool Essentials,,"Which socket sets are actually worth buying? We scored 10 on star rating, number of reviews and the features that matter. Best Overall: DEWALT DWMT75049. Best Budget: EPAuto ST-03A-1. See the full top 10, specs, pros and cons — plus the one to avoid.",https://toolboxtop10.com/socket-sets.html,2026-10-10T16:00:00,"best socket sets, socket sets 2026, socket sets review, socket sets for beginners, diy tools, tool reviews"
Socket Sets to Avoid: Don't Buy the COYAGRIP 46PCS,https://toolboxtop10.com/pins/avoid-socket-sets.png,Hand Tool Essentials,,"Before you buy socket sets on Amazon, skip this one: the COYAGRIP 46-Piece 1/4 in Drive Socket Ratchet Wrench Set, Metric, with Bit Sockets and Case. The one to skip. It sells itself as a professional set, but the listing's own specs describe carbon-steel sockets and a coarse 24-tooth ratchet, and at 3.5 stars it's the lowest-rated socket set in Amazon's top results. What to buy instead: the DEWALT DWMT75049, our Best Overall. See all 10 ranked from real reviews.",https://toolboxtop10.com/socket-sets.html#avoid,2026-10-10T18:00:00,"socket sets to avoid, best socket sets, tools to avoid, amazon tool buying guide, diy tools"
The Best Cordless Impact Wrenches (2026): Top 3 Ranked From Real Reviews,https://toolboxtop10.com/pins/top3-cordless-impact-wrenches.png,Best Cordless Power Tools,,"Which cordless impact wrenches are actually worth buying? We scored 10 on star rating, number of reviews and the features that matter. Best Overall: CRAFTSMAN CMCF940M1. Best Budget: Protmex JKO-09. See the full top 10, specs, pros and cons — plus the one to avoid.",https://toolboxtop10.com/cordless-impact-wrenches.html,2026-10-10T20:00:00,"best cordless impact wrenches, cordless impact wrenches 2026, cordless impact wrenches review, cordless impact wrenches for beginners, diy tools, tool reviews"
Cordless Impact Wrenches to Avoid: Don't Buy the CloudDream Ratchet-7,https://toolboxtop10.com/pins/avoid-cordless-impact-wrenches.png,Best Cordless Power Tools,,"Before you buy cordless impact wrenches on Amazon, skip this one: the CloudDream 1/2"" Cordless Impact Wrench Compatible with DeWalt Battery, 369 ft-lbs, 2-Speed, No Battery. A $20 unbranded wrench whose listing can't agree with itself on how many speeds it has or even what tool it is, sold to run on batteries from a brand that doesn't make or warranty it. What to buy instead: the CRAFTSMAN CMCF940M1, our Best Overall. See all 10 ranked from real reviews.",https://toolboxtop10.com/cordless-impact-wrenches.html#avoid,2026-10-10T22:00:00,"cordless impact wrenches to avoid, best cordless impact wrenches, tools to avoid, amazon tool buying guide, diy tools"
The Best Corded Heat Guns (2026): Top 3 Ranked From Real Reviews,https://toolboxtop10.com/pins/top3-corded-heat-guns.png,Best Corded Power Tools,,"Which corded heat guns are actually worth buying? We scored 10 on star rating, number of reviews and the features that matter. Best Overall: Wagner FURNO 500 (503063). Best Budget: Genesis GHG1500A. See the full top 10, specs, pros and cons — plus the one to avoid.",https://toolboxtop10.com/corded-heat-guns.html,2026-10-11T14:00:00,"best corded heat guns, corded heat guns 2026, corded heat guns review, corded heat guns for beginners, diy tools, tool reviews"
Corded Heat Guns to Avoid: Don't Buy the HILIPE HG-2,https://toolboxtop10.com/pins/avoid-corded-heat-guns.png,Best Corded Power Tools,,"Before you buy corded heat guns on Amazon, skip this one: the HILIPE Cordless Heat Gun for DeWALT 20V Battery (No Battery). A tool-only knockoff that runs on DeWALT 20V packs and puts out 350 watts, a fraction of any corded gun above. It costs more than the budget corded picks and you still need a battery. If you need a cordless heat gun, buy one from the company that makes your batteries. What to buy instead: the Wagner FURNO 500 (503063), our Best Overall. See all 10 ranked from real reviews.",https://toolboxtop10.com/corded-heat-guns.html#avoid,2026-10-11T16:00:00,"corded heat guns to avoid, best corded heat guns, tools to avoid, amazon tool buying guide, diy tools"
The Best Corded Rotary Hammers (2026): Top 3 Ranked From Real Reviews,https://toolboxtop10.com/pins/top3-corded-rotary-hammers.png,Best Corded Power Tools,,"Which corded rotary hammers are actually worth buying? We scored 10 on star rating, number of reviews and the features that matter. Best Overall: DEWALT D25263K. Best Budget: DESHUO DS-LD26. See the full top 10, specs, pros and cons — plus the one to avoid.",https://toolboxtop10.com/corded-rotary-hammers.html,2026-10-11T18:00:00,"best corded rotary hammers, corded rotary hammers 2026, corded rotary hammers review, corded rotary hammers for beginners, diy tools, tool reviews"
Corded Rotary Hammers to Avoid: Don't Buy the DOVAMAN RH15A,https://toolboxtop10.com/pins/avoid-corded-rotary-hammers.png,Best Corded Power Tools,,"Before you buy corded rotary hammers on Amazon, skip this one: the DOVAMAN 1-9/16'' SDS Rotary Hammer Drill, 12.5Amp Heavy Duty (RH15A). The headline number is misleading and the spec table contradicts the bullets. For about the same money, the ENEACRO has near-identical published specs, a consistent listing, and a stated 2-year warranty. What to buy instead: the DEWALT D25263K, our Best Overall. See all 10 ranked from real reviews.",https://toolboxtop10.com/corded-rotary-hammers.html#avoid,2026-10-11T20:00:00,"corded rotary hammers to avoid, best corded rotary hammers, tools to avoid, amazon tool buying guide, diy tools"
The Best Cordless Rotary Hammers (2026): Top 3 Ranked From Real Reviews,https://toolboxtop10.com/pins/top3-cordless-rotary-hammers.png,Best Cordless Power Tools,,"Which cordless rotary hammers are actually worth buying? We scored 10 on star rating, number of reviews and the features that matter. Best Overall: DEWALT DCH273B. Best Budget: Dong Cheng DCZC22. See the full top 10, specs, pros and cons — plus the one to avoid.",https://toolboxtop10.com/cordless-rotary-hammers.html,2026-10-11T22:00:00,"best cordless rotary hammers, cordless rotary hammers 2026, cordless rotary hammers review, cordless rotary hammers for beginners, diy tools, tool reviews"
Cordless Rotary Hammers to Avoid: Don't Buy the ONEAND HP #P223,https://toolboxtop10.com/pins/avoid-cordless-rotary-hammers.png,Best Cordless Power Tools,,"Before you buy cordless rotary hammers on Amazon, skip this one: the ONEAND HP 18V BRUSHLESS Cordless 1 in. SDS-Plus Rotary Hammer Drill Tool ONLY. The listing can't agree on what it's selling. For about the same money, the DEWALT DCH133B comes from Amazon with a published spec sheet and a 3-year warranty. What to buy instead: the DEWALT DCH273B, our Best Overall. See all 10 ranked from real reviews.",https://toolboxtop10.com/cordless-rotary-hammers.html#avoid,2026-10-12T14:00:00,"cordless rotary hammers to avoid, best cordless rotary hammers, tools to avoid, amazon tool buying guide, diy tools"
